timestamp,power_consumption,voltage,current,frequency,status
2026-09-28 00:00,320,230.2,1.39,50.01,Normal
2026-09-28 01:00,305,230.5,1.32,50.00,Normal
2026-09-28 02:00,290,231.0,1.26,49.99,Normal
2026-09-28 03:00,275,230.8,1.19,50.01,Normal
2026-09-28 04:00,280,230.6,1.21,50.00,Normal
2026-09-28 05:00,310,230.3,1.34,50.02,Normal
2026-09-28 06:00,350,230.0,1.52,50.01,Normal
2026-09-28 07:00,390,229.8,1.70,49.99,Normal
2026-09-28 08:00,420,229.5,1.83,50.00,Normal
2026-09-28 09:00,450,229.2,1.96,50.01,Normal
2026-09-28 10:00,470,229.0,2.05,50.00,Normal
2026-09-28 11:00,460,229.4,2.00,50.02,Normal